DATE,p_saving_rate,target,mortgage_rate,IPI_Cement,PPI_Cement,permit,PPI_Concrete,population,new_private_house,emratio,income,new_private_hw_under,GDP,home_ow_rate,house_st,total_emp_cons,labor_percent,all_Const_Emp,monthly_supply,unemployed_rate,MSPUS
2003-01-01,5.3,127.652,5.916,145.7576,151.0,1808.0,5.020585624949424,289412.0,6902.565955272815,62.5,9290.1,1049.0,11174.129,68.1,1853.0,6704.0,66.4,817.8,4.0,5.8,186000.0
2003-02-01,5.2,128.326,5.8425,130.6707,151.1,1854.0,5.0330488889331555,289606.0,7075.9015273460645,62.5,9296.2,1044.0,11174.129,68.1,1629.0,6667.0,66.4,817.7,4.5,5.9,186000.0
2003-03-01,4.9,129.308,5.745,139.9231,151.1,1757.0,5.04148775757902,289809.0,6821.2653424087575,62.4,9333.8,1044.0,11174.129,68.1,1726.0,6654.0,66.3,821.1,4.1,5.9,186000.0
2003-04-01,5.0,130.488,5.8125,143.4302,150.7,1803.0,5.046002437933547,290024.0,6943.281100912066,62.4,9356.4,1043.0,11312.766,68.2,1643.0,6689.0,66.4,828.9,4.1,6.0,191800.0
2003-05-01,5.3,131.839,5.484,143.716,151.1,1835.0,5.046002437933547,290250.0,7306.49447343561,62.3,9414.4,1047.0,11312.766,68.2,1751.0,6706.0,66.4,829.0,3.9,6.1,191800.0
2003-06-01,5.1,133.225,5.23,146.5043,151.2,1875.0,5.046002437933547,290484.0,6836.49599318465,62.3,9455.3,1064.0,11312.766,68.2,1867.0,6723.0,66.5,836.9,3.5,6.3,191800.0
2003-07-01,5.9,134.64700000000002,5.6325,151.803,151.0,1885.0,5.046002437933547,290726.0,7035.047186950998,62.1,9491.6,1078.0,11566.669,68.3,1897.0,6735.0,66.2,836.7,3.6,6.2,191900.0
2003-08-01,5.7,135.966,6.264,152.498,150.6,1966.0,5.046002437933547,290974.0,6477.695277508811,62.1,9538.8,1102.0,11566.669,68.3,1833.0,6760.0,66.1,840.2,3.5,6.1,191900.0
2003-09-01,4.9,137.076,6.1475,154.9852,150.2,1961.0,5.046002437933547,291222.0,7234.612033969584,62.0,9582.5,1121.0,11566.669,68.3,1939.0,6783.0,66.1,850.2,3.8,6.1,191900.0
2003-10-01,5.0,137.975,5.952,162.1132,149.6,2012.0,5.046002437933547,291463.0,7280.807496728636,62.1,9620.4,1135.0,11772.234,68.5,1967.0,6784.0,66.1,854.6,3.8,6.0,198800.0
2003-11-01,5.0,138.765,5.9325,156.7902,149.5,1918.0,5.046002437933547,291677.0,7096.344641765588,62.3,9688.2,1158.0,11772.234,68.5,2083.0,6796.0,66.1,858.5,4.1,5.8,198800.0
2003-12-01,5.0,139.627,5.876,160.271,149.4,1987.0,5.046002437933547,291868.0,7219.225318043752,62.2,9713.2,1183.0,11772.234,68.5,2057.0,6827.0,65.9,863.3,4.0,5.7,198800.0
2004-01-01,4.6,140.705,5.7125,152.7907,149.4,1952.0,5.046002437933547,292046.0,7183.345936136514,62.3,9731.8,1191.0,11923.447,68.7,1911.0,6848.0,66.1,866.4,3.8,5.7,212700.0
2004-02-01,4.6,142.029,5.635,149.9506,149.5,1966.0,5.046002437933547,292230.0,7229.4824736909695,62.3,9765.4,1197.0,11923.447,68.7,1846.0,6838.0,66.0,867.3,3.7,5.6,212700.0
2004-03-01,4.5,144.08,5.445,169.2419,150.2,2066.0,5.046002437933547,292434.0,7621.174103405521,62.2,9815.8,1219.0,11923.447,68.7,1998.0,6887.0,66.0,875.7,3.6,5.8,212700.0
2004-04-01,4.9,146.18,5.83,170.912,152.1,2070.0,5.053694783556702,292651.0,8373.261967576724,62.3,9865.8,1222.0,12112.815,69.4,2003.0,6901.0,65.9,876.2,4.0,5.6,217600.0
2004-05-01,4.8,148.335,6.27,166.8739,153.6,2150.0,5.053694783556702,292872.0,8136.871732814719,62.3,9950.0,1233.0,12112.815,69.4,1981.0,6948.0,66.0,890.8,3.8,5.6,217600.0
2004-06-01,5.4,150.518,6.2875,161.1205,153.9,2020.0,5.053694783556702,293103.0,7948.643715933878,62.4,9988.4,1229.0,12112.815,69.4,1828.0,6962.0,66.1,891.3,3.9,5.6,217600.0
2004-07-01,4.7,152.33700000000002,6.056,165.4313,154.4,2112.0,5.053694783556702,293350.0,8074.041049864327,62.5,10033.0,1247.0,12305.307,68.9,2002.0,6977.0,66.1,898.6,4.5,5.5,213500.0
2004-08-01,4.7,153.814,5.8675,165.3898,157.7,2056.0,5.053694783556702,293603.0,8231.281552525465,62.4,10078.2,1238.0,12305.307,68.9,2024.0,7003.0,66.0,903.4,4.3,5.4,213500.0
2004-09-01,4.1,155.108,5.754,164.6773,160.4,2041.0,5.053694783556702,293857.0,7631.531701672893,62.3,10110.5,1247.0,12305.307,68.9,1905.0,7029.0,65.8,910.4,4.1,5.4,213500.0
2004-10-01,3.9,156.298,5.7225,159.7799,160.4,2097.0,5.053694783556702,294104.0,7854.828487569848,62.3,10159.3,1264.0,12527.214,69.1,2072.0,7077.0,65.9,918.3,3.9,5.5,228800.0
2004-11-01,3.4,157.496,5.73,155.9717,161.4,2079.0,5.053694783556702,294337.0,7435.172546748198,62.5,10171.5,1268.0,12527.214,69.1,1782.0,7091.0,66.0,923.5,4.3,5.4,228800.0
2004-12-01,6.2,158.67,5.752,165.2899,161.5,2082.0,5.053694783556702,294561.0,8283.815919892635,62.4,10520.8,1280.0,12527.214,69.1,2042.0,7117.0,65.9,927.4,4.1,5.4,228800.0
2005-01-01,2.7,160.13,5.71,162.337,166.8,2139.0,5.056245805348308,294768.0,8131.632497292753,62.4,10247.0,1302.0,12767.286,69.2,2144.0,7095.0,65.8,932.1,4.4,5.3,232500.0
2005-02-01,2.3,161.924,5.6275,166.6182,168.8,2114.0,5.0912931971137105,294955.0,8215.532983385545,62.4,10282.7,1322.0,12767.286,69.2,2207.0,7153.0,65.9,938.0,4.3,5.4,232500.0
2005-03-01,2.5,164.576,5.928,164.584,169.0,2062.0,5.076423034634259,295149.0,7584.94246744207,62.4,10347.9,1311.0,12767.286,69.2,1864.0,7181.0,65.9,942.5,4.1,5.2,232500.0
2005-04-01,2.1,166.99900000000002,5.855,160.4395,171.8,2150.0,5.101085197018328,295359.0,8315.365367014285,62.7,10412.1,1324.0,12922.656,68.7,2061.0,7266.0,66.1,947.9,4.3,5.2,233700.0
2005-05-01,2.6,169.544,5.72,164.6264,172.2,2085.0,5.101085197018328,295582.0,9250.194257943213,62.8,10464.1,1322.0,12922.656,68.7,2025.0,7294.0,66.1,953.0,4.2,5.1,233700.0
2005-06-01,2.0,172.015,5.582,164.5805,172.5,2178.0,5.101085197018328,295824.0,8515.676962683807,62.7,10498.0,1329.0,12922.656,68.7,2068.0,7333.0,66.1,958.8,4.3,5.0,233700.0
2005-07-01,1.4,174.09799999999998,5.695,157.5149,179.0,2203.0,5.101085197018328,296077.0,8100.209848234727,62.8,10558.3,1338.0,13142.642,68.7,2054.0,7353.0,66.1,964.7,4.2,5.0,236400.0
2005-08-01,2.0,175.923,5.82,158.9917,179.2,2219.0,5.101085197018328,296338.0,8447.052829356146,62.9,10619.6,1356.0,13142.642,68.7,2095.0,7394.0,66.2,964.8,4.5,4.9,236400.0
2005-09-01,2.0,177.611,5.774,160.2513,180.2,2263.0,5.101085197018328,296606.0,8289.072661924862,62.8,10687.7,1377.0,13142.642,68.7,2151.0,7415.0,66.1,967.6,4.7,5.0,236400.0
2005-10-01,2.3,178.752,6.065,161.7801,180.3,2170.0,5.101085197018328,296857.0,8499.83175965546,62.8,10767.3,1376.0,13324.204,68.9,2065.0,7460.0,66.1,972.8,4.5,5.0,243600.0
2005-11-01,2.6,179.673,6.33,166.926,180.6,2218.0,5.101085197018328,297089.0,8210.284666845917,62.7,10815.4,1395.0,13324.204,68.9,2147.0,7524.0,66.0,985.7,5.0,5.0,243600.0
2005-12-01,2.5,180.107,6.272,170.1105,181.3,2120.0,5.101694025043223,297311.0,8389.06448150962,62.8,10853.1,1405.0,13324.204,68.9,1994.0,7533.0,66.0,995.7,4.9,4.9,243600.0
2006-01-01,3.0,180.828,6.145,192.0322,191.0,2212.0,5.126342101808226,297526.0,8892.215571011804,62.9,11038.6,1424.0,13599.16,68.6,2273.0,7601.0,66.0,1008.1,5.3,4.7,247700.0
2006-02-01,3.2,181.5,6.2525,186.9827,191.5,2141.0,5.135210028677887,297734.0,8956.1437462855,63.0,11102.6,1423.0,13599.16,68.6,2119.0,7664.0,66.1,1012.7,6.1,4.8,247700.0
2006-03-01,3.3,182.749,6.324,174.864,195.3,2118.0,5.135210028677887,297950.0,10017.121097438943,63.1,11171.8,1423.0,13599.16,68.6,1969.0,7689.0,66.2,1017.8,5.9,4.7,247700.0
2006-04-01,3.1,183.648,6.5075,165.8735,196.7,1998.0,5.138148614395216,298170.0,9078.902253506736,63.0,11229.5,1401.0,13753.424,68.8,1821.0,7726.0,66.1,1022.0,6.3,4.7,246300.0
2006-05-01,2.9,184.38,6.5975,160.6514,197.6,1905.0,5.138148614395216,298401.0,8157.834743850009,63.1,11251.1,1409.0,13753.424,68.8,1942.0,7713.0,66.1,1016.6,6.2,4.6,246300.0
2006-06-01,2.9,184.547,6.682,161.3281,197.8,1867.0,5.138148614395216,298653.0,8966.806446189677,63.1,11292.8,1383.0,13753.424,68.8,1802.0,7699.0,66.2,1007.8,6.3,4.6,246300.0
2006-07-01,2.3,184.608,6.7625,152.8727,199.4,1763.0,5.138148614395216,298910.0,8352.200295779969,63.0,11322.1,1363.0,13870.188,68.9,1737.0,7712.0,66.1,1007.3,7.3,4.7,235600.0
2006-08-01,2.5,184.405,6.524,153.7995,200.0,1722.0,5.138148614395216,299178.0,8053.116992613255,63.1,11346.8,1339.0,13870.188,68.9,1650.0,7720.0,66.2,1009.2,6.7,4.7,235600.0
2006-09-01,2.4,184.198,6.4025,149.9671,201.0,1655.0,5.138148614395216,299452.0,8759.297612477945,63.1,11383.9,1317.0,13870.188,68.9,1720.0,7718.0,66.1,1011.6,6.7,4.5,235600.0
2006-10-01,2.4,184.054,6.3575,151.0867,201.0,1570.0,5.138148614395216,299710.0,8268.049296150797,63.3,11417.8,1283.0,14039.56,68.8,1491.0,7682.0,66.2,1005.8,7.3,4.4,245400.0
2006-11-01,2.7,183.631,6.24,153.3176,200.9,1535.0,5.138148614395216,299950.0,8136.871732814719,63.3,11479.3,1265.0,14039.56,68.8,1570.0,7666.0,66.3,996.0,6.6,4.5,245400.0
2006-12-01,2.6,183.229,6.135,167.7527,200.8,1638.0,5.138148614395216,300178.0,8110.681631662094,63.4,11587.6,1247.0,14039.56,68.8,1649.0,7685.0,66.4,989.5,6.5,4.4,245400.0
2007-01-01,2.4,182.718,6.2175,159.9997,206.3,1626.0,5.161351511474879,300398.0,7766.40994208445,63.3,11647.1,1217.0,14215.651,68.5,1409.0,7725.0,66.4,982.5,7.2,4.6,257400.0
2007-02-01,2.8,182.471,6.285,153.1247,204.3,1598.0,5.162497643405501,300608.0,6831.418430442725,63.3,11734.2,1206.0,14215.651,68.5,1480.0,7626.0,66.3,977.3,7.9,4.5,257400.0
2007-03-01,3.0,182.194,6.156,154.2676,205.1,1596.0,5.174453379325651,300823.0,6745.204022067684,63.3,11821.4,1192.0,14215.651,68.5,1495.0,7706.0,66.2,973.2,7.9,4.4,257400.0
2007-04-01,3.0,182.131,6.18,152.5383,210.0,1470.0,5.244389024522481,301045.0,6322.139369325353,63.0,11868.1,1181.0,14402.082,68.3,1490.0,7686.0,65.9,966.8,7.4,4.5,242200.0
2007-05-01,2.8,181.884,6.262,154.5282,209.3,1493.0,5.244389024522481,301278.0,6307.1217926590125,63.0,11908.7,1164.0,14402.082,68.3,1415.0,7673.0,66.0,965.1,7.8,4.4,242200.0
2007-06-01,2.7,181.54,6.6575,149.986,208.3,1407.0,5.244389024522481,301528.0,6032.949610861129,63.0,11929.2,1161.0,14402.082,68.3,1448.0,7687.0,66.0,964.0,8.2,4.6,242200.0
2007-07-01,2.6,180.993,6.695,150.4928,208.8,1361.0,5.244389024522481,301790.0,6297.113647506963,62.9,11955.7,1144.0,14564.117,68.0,1354.0,7660.0,66.0,954.4,8.3,4.7,241800.0
2007-08-01,2.2,180.234,6.572,149.1233,208.3,1321.0,5.244389024522481,302064.0,6187.213553543342,62.7,11963.1,1123.0,14564.117,68.0,1330.0,7610.0,65.8,942.1,9.2,4.6,241800.0
2007-09-01,2.3,179.122,6.3825,149.8047,210.7,1261.0,5.244389024522481,302334.0,5418.209748176989,62.9,12025.5,1108.0,14564.117,68.0,1183.0,7577.0,66.0,936.5,9.2,4.7,241800.0
2007-10-01,2.2,177.53,6.375,147.7916,210.2,1192.0,5.244916589820922,302590.0,5657.768048586183,62.7,12046.8,1096.0,14715.058,67.8,1264.0,7565.0,65.8,921.6,8.5,4.7,238400.0
2007-11-01,1.9,175.162,6.208,151.5488,210.1,1224.0,5.244916589820922,302834.0,5584.236165333037,62.9,12102.8,1080.0,14715.058,67.8,1197.0,7523.0,66.0,895.0,9.4,4.7,238400.0
2007-12-01,2.4,173.338,6.095,145.0394,209.1,1149.0,5.244916589820922,303062.0,5282.165014255931,62.7,12182.7,1059.0,14715.058,67.8,1037.0,7490.0,66.0,896.4,9.6,5.0,238400.0
2008-01-01,2.6,171.077,5.758,148.6468,208.5,1094.0,5.247024072160486,303280.0,5296.711396163916,62.9,12227.8,1041.0,14706.538,67.9,1084.0,7476.0,66.2,886.6,9.3,5.0,233900.0
2008-02-01,3.0,169.19099999999997,5.9175,145.2225,208.9,1014.0,5.247024072160486,303494.0,5021.5746924428,62.8,12264.9,1025.0,14706.538,67.9,1103.0,7453.0,66.0,874.5,9.7,4.9,233900.0
2008-03-01,2.9,167.90400000000002,5.97,141.695,208.9,967.0,5.247024072160486,303707.0,4644.708413508158,62.7,12314.7,1014.0,14706.538,67.9,1005.0,7406.0,66.1,867.3,10.25,5.1,233900.0
2008-04-01,2.4,167.324,5.9175,141.7131,210.4,1008.0,5.247024072160486,303926.0,3838.790608056641,62.7,12302.6,1009.0,14865.701,68.1,1013.0,7327.0,65.9,854.6,10.25,5.0,235300.0
2008-05-01,6.8,167.021,6.036,137.6036,207.7,995.0,5.243333058215277,304157.0,4394.898538570141,62.5,12879.3,991.0,14865.701,68.1,973.0,7274.0,66.1,840.8,10.25,5.4,235300.0
2008-06-01,4.6,166.537,6.32,134.7346,204.1,1180.0,5.243333058215277,304396.0,4394.898538570141,62.4,12661.0,975.0,14865.701,68.1,1046.0,7213.0,66.1,824.8,10.25,5.6,235300.0
2008-07-01,3.6,165.713,6.426,135.0042,207.9,921.0,5.245443876940969,304646.0,4138.338300876545,62.2,12514.8,955.0,14898.999,67.7,923.0,7160.0,66.1,812.7,10.25,5.8,226500.0
2008-08-01,3.1,164.27700000000002,6.4775,126.4443,207.9,858.0,5.255931650051599,304903.0,3815.9177679790846,62.0,12426.0,936.0,14898.999,67.7,844.0,7114.0,66.1,800.3,10.25,6.1,226500.0
2008-09-01,3.9,161.912,6.0375,122.5937,207.5,797.0,5.258536496536192,305158.0,4479.460451882474,61.9,12445.0,904.0,14898.999,67.7,820.0,7044.0,66.0,782.5,10.25,6.1,226500.0
2008-10-01,4.9,159.16299999999998,6.2,118.4615,207.8,736.0,5.288771953704505,305403.0,3990.3627108106516,61.7,12446.5,876.0,14608.209,67.5,777.0,6967.0,66.0,766.4,10.25,6.5,222500.0
2008-11-01,6.0,156.072,6.0875,110.4791,207.3,626.0,5.288771953704505,305620.0,4087.3624738220133,61.4,12387.1,842.0,14608.209,67.5,652.0,6813.0,65.9,747.5,10.25,6.8,222500.0
2008-12-01,5.8,152.545,5.286,103.7368,206.9,554.0,5.288771953704505,305827.0,3834.2140731490317,61.0,12238.5,806.0,14608.209,67.5,560.0,6701.0,65.8,732.4,10.25,7.3,222500.0
2009-01-01,5.9,149.363,5.0475,95.2495,211.1,545.0,5.288771953704505,306035.0,2748.95269883253,60.6,12125.6,783.0,14430.902,67.4,490.0,6567.0,65.7,712.1,10.25,7.8,208400.0
2009-02-01,5.4,147.618,5.13,97.6872,207.2,558.0,5.288771953704505,306237.0,2931.0352906652843,60.3,12007.4,756.0,14430.902,67.4,582.0,6446.0,65.8,688.8,10.25,8.3,208400.0
2009-03-01,5.8,146.515,5.0025,86.881,205.1,513.0,5.288771953704505,306438.0,3018.4700379230007,59.9,11965.3,717.0,14430.902,67.4,505.0,6291.0,65.6,667.1,10.25,8.7,208400.0
2009-04-01,6.5,146.94299999999998,4.81,81.9703,209.5,521.0,5.288771953704505,306645.0,3049.180866143451,59.8,12009.4,677.0,14381.236,67.4,478.0,6154.0,65.7,655.8,10.25,9.0,220900.0
2009-05-01,7.8,148.16899999999998,4.8575,78.8737,207.6,556.0,5.288267030694535,306863.0,2926.6757335827015,59.6,12179.6,650.0,14381.236,67.4,540.0,6100.0,65.7,643.9,9.3,9.4,220900.0
2009-06-01,6.1,149.797,5.42,78.7749,204.9,601.0,5.288267030694535,307090.0,2835.396599823578,59.4,12042.9,627.0,14381.236,67.4,585.0,6010.0,65.7,634.9,8.5,9.5,220900.0
2009-07-01,5.4,150.749,5.222,79.6953,203.1,595.0,5.288267030694535,307322.0,2835.396599823578,59.3,11998.4,611.0,14448.882,67.4,594.0,5932.0,65.5,629.1,7.9,9.5,214300.0
2009-08-01,4.4,150.66899999999998,5.1925,77.1998,202.1,616.0,5.288267030694535,307570.0,2813.7405550432627,59.1,12011.2,588.0,14448.882,67.4,586.0,5855.0,65.4,620.8,7.5,9.6,214300.0
2009-09-01,5.5,149.628,5.0575,76.367,201.9,609.0,5.288267030694535,307826.0,2509.5295484012013,58.7,12061.1,576.0,14448.882,67.4,585.0,5787.0,65.1,612.8,7.8,9.6,214300.0
2009-10-01,5.1,148.585,4.952,67.7512,200.6,583.0,5.288267030694535,308071.0,2615.929474560267,58.5,12069.4,554.0,14651.249,67.2,534.0,5716.0,65.0,606.4,7.4,9.6,219000.0
2009-11-01,5.5,147.939,4.875,74.3749,199.9,623.0,5.288267030694535,308289.0,3040.4006387671047,58.6,12129.6,532.0,14651.249,67.2,588.0,5696.0,65.0,602.3,7.6,9.6,219000.0
2009-12-01,5.4,146.664,4.93,69.8002,198.5,664.0,5.288267030694535,308495.0,2633.026798224532,58.3,12188.2,517.0,14651.249,67.2,581.0,5654.0,64.6,596.2,8.0,9.6,219000.0
2010-01-01,5.6,145.003,5.03,68.4778,198.4,636.0,5.285738584341177,308706.0,2374.51628595401,58.5,12267.7,501.0,14764.61,67.2,614.0,5580.0,64.8,583.1,8.1,9.6,222900.0
2010-02-01,5.3,143.053,4.99,66.3508,197.9,650.0,5.285738584341177,308904.0,2294.9960615369037,58.5,12267.6,493.0,14764.61,67.2,604.0,5500.0,64.9,578.3,8.3,9.6,222900.0
2010-03-01,5.3,143.597,4.9675,74.3844,196.3,687.0,5.285738584341177,309095.0,2149.80940996617,58.5,12330.9,492.0,14764.61,67.2,636.0,5537.0,64.9,580.3,7.1,9.6,222900.0
2010-04-01,6.0,145.404,5.098,83.5931,194.6,637.0,5.2832037287379885,309289.0,2577.5340473708297,58.7,12441.8,488.0,14980.193,66.9,687.0,5553.0,65.2,579.8,6.2,9.6,219500.0
2010-05-01,6.4,147.04,4.8875,81.0539,193.3,575.0,5.2832037287379885,309485.0,2429.203249974179,58.6,12543.7,476.0,14980.193,66.9,583.0,5520.0,64.9,578.1,9.3,9.6,219500.0
2010-06-01,6.2,147.70600000000002,4.7375,79.9611,192.3,587.0,5.2832037287379885,309691.0,3261.252919609431,58.5,12550.7,447.0,14980.193,66.9,536.0,5516.0,64.6,577.2,8.3,9.4,219500.0
2010-07-01,6.1,147.566,4.564,78.0626,191.7,579.0,5.2832037287379885,309913.0,1892.9204593175966,58.5,12588.7,443.0,15141.607,66.7,546.0,5508.0,64.6,570.2,8.9,9.4,224100.0
2010-08-01,6.2,146.431,4.4275,80.8866,191.5,580.0,5.2832037287379885,310146.0,1973.8324925846525,58.6,12652.9,444.0,15141.607,66.7,599.0,5524.0,64.7,568.7,8.8,9.5,224100.0
2010-09-01,6.1,144.612,4.346,80.733,190.8,563.0,5.2832037287379885,310385.0,2137.444913998256,58.5,12673.4,439.0,15141.607,66.7,594.0,5501.0,64.6,568.0,7.6,9.5,224100.0
2010-10-01,5.9,143.13299999999998,4.225,82.9329,190.0,558.0,5.2832037287379885,310612.0,2026.7487111353435,58.3,12723.6,436.0,15309.474,66.5,543.0,5508.0,64.4,563.3,8.2,9.4,224300.0
2010-11-01,5.8,141.82299999999998,4.3,82.6805,188.5,560.0,5.2832037287379885,310820.0,1812.6259921226704,58.2,12765.5,431.0,15309.474,66.5,545.0,5506.0,64.6,560.8,8.2,9.6,224300.0
2010-12-01,6.2,140.632,4.714,80.3226,187.9,632.0,5.2832037287379885,311020.0,1864.746281589501,58.3,12873.1,427.0,15309.474,66.5,539.0,5467.0,64.3,559.7,7.0,9.3,224300.0
2011-01-01,6.6,139.04,4.755,79.0521,185.8,576.0,5.2832037287379885,311204.0,1685.483170988666,58.3,13080.7,431.0,15351.448,66.5,630.0,5427.0,64.2,556.9,7.3,9.1,226900.0
2011-02-01,6.9,137.735,4.9525,82.803,185.4,542.0,5.2832037287379885,311373.0,2067.623654537475,58.4,13155.6,424.0,15351.448,66.5,517.0,5451.0,64.1,559.0,8.1,9.0,226900.0
2011-03-01,6.3,137.78799999999998,4.836,80.3605,186.5,583.0,5.2832037287379885,311551.0,1969.772479734607,58.4,13178.2,420.0,15351.448,66.5,600.0,5477.0,64.2,562.4,7.2,9.0,226900.0
2011-04-01,6.3,139.16,4.84,80.2154,189.0,581.0,5.2832037287379885,311740.0,1800.6361462735738,58.4,13212.8,417.0,15557.539,66.0,554.0,5485.0,64.2,563.5,6.7,9.1,228100.0
2011-05-01,6.3,140.694,4.6375,83.0405,188.0,618.0,5.297316866214453,311935.0,1800.6361462735738,58.3,13239.1,415.0,15557.539,66.0,561.0,5516.0,64.1,560.1,6.6,9.0,228100.0
2011-06-01,6.5,141.946,4.51,85.5086,186.9,636.0,5.297316866214453,312147.0,1921.1702795199435,58.2,13295.7,416.0,15557.539,66.0,608.0,5528.0,64.0,567.5,6.6,9.1,228100.0
2011-07-01,6.7,142.343,4.545,86.6224,188.6,621.0,5.297316866214453,312372.0,2145.686485985013,58.2,13375.8,417.0,15647.68,66.1,623.0,5547.0,64.0,565.1,6.7,9.0,223500.0
2011-08-01,6.7,141.787,4.27,88.4423,187.8,647.0,5.297316866214453,312605.0,2063.5295643050895,58.3,13400.3,414.0,15647.68,66.1,585.0,5552.0,64.1,564.4,6.5,9.0,223500.0
2011-09-01,6.4,140.16899999999998,4.106,87.5078,189.3,610.0,5.297316866214453,312842.0,2018.591394211446,58.4,13401.5,417.0,15647.68,66.1,650.0,5584.0,64.2,565.6,6.3,9.0,223500.0
2011-10-01,6.3,138.411,4.0675,88.3034,180.8,671.0,5.3003153692107094,313060.0,1868.7665054847364,58.4,13406.4,422.0,15842.259,65.9,610.0,5588.0,64.1,571.7,6.0,8.8,221100.0
2011-11-01,6.4,136.667,3.9925,87.7571,181.9,706.0,5.3003153692107094,313260.0,1945.4440750638003,58.6,13419.7,433.0,15842.259,65.9,711.0,5593.0,64.1,571.9,5.7,8.6,221100.0
2011-12-01,7.2,135.168,3.958,92.3676,182.5,697.0,5.299816242671772,313454.0,2047.167829743747,58.6,13548.9,434.0,15842.259,65.9,694.0,5611.0,64.0,575.0,5.3,8.5,221100.0
2012-01-01,7.4,134.168,3.915,95.8403,185.4,712.0,5.299816242671772,313636.0,1784.6720098004896,58.4,13631.6,441.0,16068.805,65.6,723.0,5626.0,63.7,575.2,5.3,8.3,238400.0
2012-02-01,7.3,133.997,3.89,95.3474,185.8,738.0,5.299816242671772,313811.0,1848.6809933626412,58.5,13731.1,450.0,16068.805,65.6,704.0,5629.0,63.8,576.8,4.8,8.3,238400.0
2012-03-01,7.6,135.865,3.954,93.6095,185.2,806.0,5.299816242671772,313993.0,1933.3003238118683,58.5,13798.5,458.0,16068.805,65.6,695.0,5625.0,63.8,573.0,4.9,8.2,238400.0
2012-04-01,7.9,138.471,3.91,94.8689,187.2,732.0,5.299816242671772,314176.0,2299.1691481065586,58.4,13868.1,463.0,16207.115,65.6,753.0,5618.0,63.7,572.0,4.9,8.2,238700.0
2012-05-01,7.9,141.048,3.798,92.7701,188.7,796.0,5.307277107919509,314368.0,2112.754532734456,58.5,13850.3,474.0,16207.115,65.6,708.0,5604.0,63.7,574.0,4.7,8.2,238700.0
2012-06-01,7.9,143.16899999999998,3.675,91.4465,188.8,794.0,5.3067814449601665,314576.0,2108.6444949697707,58.6,13837.1,486.0,16207.115,65.6,757.0,5621.0,63.8,576.2,4.8,8.2,238700.0
2012-07-01,7.0,144.282,3.55,90.0581,188.3,849.0,5.3067814449601665,314796.0,2320.0549963907974,58.5,13752.9,490.0,16319.541,65.4,740.0,5632.0,63.7,583.4,4.6,8.2,248800.0
2012-08-01,6.7,144.705,3.602,90.1465,189.0,840.0,5.3067814449601665,315031.0,2353.5427472240954,58.4,13768.5,495.0,16319.541,65.4,754.0,5648.0,63.5,584.8,4.6,8.1,248800.0
2012-09-01,7.2,144.358,3.4975,89.7802,189.1,930.0,5.3067814449601665,315264.0,2220.1154270688266,58.7,13914.1,511.0,16319.541,65.4,847.0,5661.0,63.6,586.5,4.5,7.8,248800.0
2012-10-01,7.8,143.968,3.3825,91.4772,188.8,887.0,5.3067814449601665,315485.0,2547.7418409909315,58.8,14049.2,520.0,16420.419,65.3,915.0,5674.0,63.8,582.7,4.9,7.8,251700.0
2012-11-01,8.7,143.961,3.352,95.9137,189.1,917.0,5.3067814449601665,315692.0,2286.6539841427507,58.7,14230.7,534.0,16420.419,65.3,833.0,5684.0,63.6,590.9,4.6,7.7,251700.0
2012-12-01,10.9,143.869,3.345,96.1474,188.3,941.0,5.3067814449601665,315877.0,2324.2362381248113,58.7,14581.4,551.0,16420.419,65.3,976.0,5724.0,63.7,594.7,4.5,7.9,251700.0
2013-01-01,4.9,144.313,3.414,98.907,194.7,940.0,5.310245937413311,316038.0,2479.881002427444,58.6,13880.4,559.0,16648.189,65.2,888.0,5746.0,63.7,595.6,4.0,8.0,258400.0
2013-02-01,4.7,145.16299999999998,3.5325,100.6487,194.4,980.0,5.310245937413311,316191.0,2543.4909065403863,58.6,13902.0,581.0,16648.189,65.2,962.0,5784.0,63.4,597.9,4.1,7.7,258400.0
2013-03-01,4.8,147.96200000000002,3.565,100.5747,194.6,936.0,5.310245937413311,316357.0,2917.9601248274694,58.5,13932.2,596.0,16648.189,65.2,1010.0,5802.0,63.3,601.9,4.2,7.5,258400.0
2013-04-01,5.1,150.969,3.445,95.5687,196.2,1012.0,5.322033893165353,316535.0,2471.421656547765,58.6,13974.9,606.0,16728.687,65.1,835.0,5796.0,63.4,607.6,4.4,7.6,268100.0
2013-05-01,5.3,153.86,3.536,99.5607,197.5,1003.0,5.322033893165353,316729.0,2454.5185948991484,58.6,14052.5,620.0,16728.687,65.1,930.0,5829.0,63.4,610.4,4.6,7.5,268100.0
2013-06-01,5.4,156.428,4.07,101.1157,197.5,942.0,5.322033893165353,316934.0,2573.274206085259,58.6,14083.9,629.0,16728.687,65.1,839.0,5855.0,63.4,610.8,4.1,7.5,268100.0
2013-07-01,5.2,158.28799999999998,4.37,101.9294,197.2,997.0,5.322033893165353,317156.0,2779.15323529212,58.7,14072.0,640.0,16953.838,65.2,880.0,5859.0,63.3,610.6,5.5,7.3,264800.0
2013-08-01,5.2,159.39600000000002,4.456,103.143,197.7,964.0,5.312220271717028,317397.0,2697.3191949132843,58.7,14117.3,654.0,16953.838,65.2,917.0,5878.0,63.3,613.8,5.5,7.2,264800.0
2013-09-01,5.3,159.675,4.49,105.1505,197.6,1004.0,5.312220271717028,317635.0,2744.643190257859,58.7,14181.7,661.0,16953.838,65.2,850.0,5910.0,63.2,615.1,5.4,7.2,264800.0
2013-10-01,4.7,159.558,4.192,103.4174,197.9,1044.0,5.312220271717028,317864.0,2852.7428991344946,58.3,14152.3,670.0,17192.019,65.1,925.0,5931.0,62.8,621.2,4.9,7.2,273600.0
2013-11-01,4.5,159.365,4.255,100.2048,198.0,1029.0,5.312220271717028,318076.0,3018.4700379230007,58.6,14209.6,687.0,17192.019,65.1,1100.0,5963.0,63.0,625.8,5.0,6.9,273600.0
2013-12-01,4.5,159.282,4.4575,99.2019,197.4,1005.0,5.312220271717028,318276.0,2753.263423281304,58.7,14266.5,707.0,17192.019,65.1,1002.0,5932.0,62.9,628.6,5.2,6.7,273600.0
2014-01-01,5.2,159.37,4.432,96.8279,200.8,976.0,5.337538079701318,318464.0,3014.087349234703,58.8,14369.2,713.0,17197.738,64.9,888.0,5985.0,62.9,632.4,5.1,6.6,275200.0
2014-02-01,5.3,159.872,4.3025,96.6639,199.2,1039.0,5.337538079701318,318642.0,3181.4258190725673,58.7,14456.4,714.0,17197.738,64.9,944.0,6007.0,62.9,641.6,5.3,6.7,275200.0
2014-03-01,5.2,161.189,4.3425,98.2095,199.3,1067.0,5.337538079701318,318827.0,3256.8087646530057,58.9,14555.0,726.0,17197.738,64.9,970.0,6038.0,63.1,642.4,5.6,6.7,275200.0
2014-04-01,5.4,162.969,4.3375,99.8622,207.0,1090.0,5.337538079701318,319020.0,2996.5680682409998,58.9,14624.5,743.0,17518.508,64.8,1043.0,6084.0,62.8,650.5,5.7,6.2,288000.0
2014-05-01,5.6,164.68400000000003,4.192,103.247,207.1,1018.0,5.337538079701318,319225.0,3247.923728337743,58.9,14689.5,754.0,17518.508,64.8,1007.0,6109.0,62.9,650.0,5.2,6.3,288000.0
2014-06-01,5.6,166.21400000000003,4.1625,102.0049,207.0,1010.0,5.337538079701318,319438.0,2848.4045403414175,59.0,14760.1,771.0,17518.508,64.8,911.0,6133.0,62.8,657.1,5.7,6.1,288000.0
2014-07-01,5.5,167.138,4.13,104.798,207.0,1076.0,5.337538079701318,319670.0,3018.4700379230007,59.0,14821.1,790.0,17804.228,64.3,1085.0,6178.0,62.9,665.1,6.2,6.2,281000.0
2014-08-01,5.3,167.452,4.115,103.4822,207.8,1047.0,5.337538079701318,319919.0,3323.5851021384033,59.0,14894.2,793.0,17804.228,64.3,984.0,6210.0,62.9,669.8,5.4,6.1,281000.0
2014-09-01,5.5,167.243,4.1625,106.4102,208.8,1077.0,5.337538079701318,320166.0,3624.7681794699124,59.1,14951.2,797.0,17804.228,64.3,1023.0,6242.0,62.8,677.3,5.4,5.9,281000.0
2014-10-01,5.4,166.91099999999997,4.036,107.4771,210.5,1094.0,5.337538079701318,320403.0,3377.180768975916,59.3,15022.7,806.0,17912.079,63.9,1074.0,6259.0,62.9,674.1,5.3,5.7,298900.0
2014-11-01,5.6,166.65900000000002,3.9975,99.994,210.3,1059.0,5.337538079701318,320616.0,3123.9957221105615,59.2,15094.0,814.0,17912.079,63.9,1001.0,6272.0,62.9,676.7,5.7,5.8,298900.0
2014-12-01,6.0,166.46099999999998,3.864,107.8144,210.0,1072.0,5.338018733399589,320815.0,3534.3725315512033,59.3,15170.9,826.0,17912.079,63.9,1073.0,6293.0,62.8,672.6,5.1,5.6,298900.0
2015-01-01,6.3,166.25099999999998,3.67,108.0196,217.3,1049.0,5.343290732190768,320997.0,3529.8635636650883,59.3,15230.8,830.0,18063.529,63.8,1085.0,6320.0,62.9,680.1,4.8,5.7,289200.0
2015-02-01,6.4,166.63299999999998,3.71,98.3234,217.7,1127.0,5.343290732190768,321164.0,3123.9957221105615,59.2,15313.3,830.0,18063.529,63.8,886.0,6361.0,62.7,680.4,4.5,5.5,289200.0
2015-03-01,5.9,168.09,3.77,98.0626,217.3,1072.0,5.343290732190768,321344.0,2766.2028797018284,59.2,15314.2,843.0,18063.529,63.8,960.0,6334.0,62.6,682.1,5.1,5.4,289200.0
2015-04-01,5.9,169.97,3.672,102.8839,225.0,1166.0,5.3442462984364365,321538.0,3742.890747753275,59.3,15373.5,868.0,18279.784,63.5,1190.0,6392.0,62.8,684.7,4.9,5.4,289100.0
2015-05-01,5.8,171.85,3.84,104.7122,224.4,1272.0,5.3442462984364365,321740.0,3793.0695706367555,59.4,15442.7,878.0,18279.784,63.5,1079.0,6427.0,62.9,690.0,5.0,5.6,289100.0
2015-06-01,5.7,173.451,3.9825,107.4307,223.7,1379.0,5.3442462984364365,321954.0,3565.9642467762424,59.4,15479.0,896.0,18279.784,63.5,1205.0,6441.0,62.7,688.5,5.4,5.3,289100.0
2015-07-01,5.6,174.49599999999998,4.046,112.8845,223.9,1140.0,5.3442462984364365,322186.0,3683.7442694417796,59.3,15518.6,908.0,18401.626,63.6,1146.0,6472.0,62.6,697.7,5.2,5.2,295800.0
2015-08-01,5.6,174.938,3.905,114.3793,224.8,1165.0,5.3442462984364365,322427.0,3620.2386651177467,59.4,15550.5,921.0,18401.626,63.6,1130.0,6490.0,62.6,698.2,5.0,5.1,295800.0
2015-09-01,5.8,175.045,3.89,114.5231,224.1,1144.0,5.3442462984364365,322670.0,3921.3354285342284,59.2,15570.5,939.0,18401.626,63.6,1224.0,6508.0,62.4,699.8,5.9,5.0,295800.0
2015-10-01,5.8,175.051,3.796,113.241,224.3,1160.0,5.3442462984364365,322901.0,3670.11921555682,59.3,15608.0,943.0,18435.137,63.7,1058.0,6547.0,62.5,702.6,5.6,5.0,302500.0
2015-11-01,5.6,175.143,3.9425,112.7522,223.8,1244.0,5.3442462984364365,323113.0,3738.33500893432,59.4,15615.4,962.0,18435.137,63.7,1172.0,6598.0,62.5,708.9,5.5,5.1,302500.0
2015-12-01,5.8,175.11700000000002,3.964,119.8456,224.1,1211.0,5.3442462984364365,323318.0,3843.368124908623,59.6,15668.4,970.0,18435.137,63.7,1146.0,6630.0,62.7,712.9,5.1,5.0,302500.0
2016-01-01,6.1,175.03799999999998,3.8725,116.7888,231.5,1171.0,5.374352052824034,323509.0,3994.972219511117,59.7,15695.5,968.0,18525.933,63.5,1092.0,6631.0,62.7,714.2,5.6,4.8,299800.0
2016-02-01,5.6,175.283,3.66,119.0626,229.3,1172.0,5.374352052824034,323687.0,3907.556048157845,59.8,15695.9,982.0,18525.933,63.5,1225.0,6640.0,62.8,717.0,5.5,4.9,299800.0
2016-03-01,5.9,176.60299999999998,3.694,118.9009,229.6,1118.0,5.375278407684165,323871.0,3752.0052185267564,59.8,15731.6,987.0,18525.933,63.5,1111.0,6678.0,63.0,720.5,5.5,5.0,299800.0
2016-04-01,5.5,178.497,3.605,109.6192,233.4,1160.0,5.378513908542313,324061.0,3489.329579381957,59.7,15758.9,998.0,18711.702,63.1,1163.0,6702.0,62.9,726.2,5.0,5.1,306000.0
2016-05-01,5.3,180.345,3.6,107.7492,233.2,1205.0,5.378513908542313,324260.0,3738.33500893432,59.7,15777.2,1010.0,18711.702,63.1,1148.0,6689.0,62.7,726.8,5.1,4.8,306000.0
2016-06-01,4.9,181.917,3.568,110.7745,233.7,1208.0,5.378513908542313,324476.0,4240.628786046979,59.7,15821.4,1016.0,18711.702,63.1,1203.0,6701.0,62.7,727.4,5.3,4.9,306000.0
2016-07-01,5.1,183.02,3.44,105.8163,235.4,1198.0,5.378513908542313,324697.0,4068.8540608426165,59.8,15891.5,1033.0,18892.639,63.4,1239.0,6735.0,62.8,728.1,4.5,4.8,303800.0
2016-08-01,5.1,183.658,3.435,105.2523,235.1,1201.0,5.378513908542313,324924.0,3985.7541600202603,59.8,15931.3,1038.0,18892.639,63.4,1171.0,6736.0,62.9,734.3,5.0,4.9,303800.0
2016-09-01,5.1,183.948,3.46,105.2719,234.9,1303.0,5.378513908542313,325155.0,3898.3746476152455,59.7,15999.1,1038.0,18892.639,63.4,1068.0,6768.0,62.9,744.9,5.2,5.0,303800.0
2016-10-01,5.3,184.022,3.47,106.2018,234.7,1254.0,5.378513908542313,325368.0,4059.605527868054,59.7,16059.4,1053.0,19089.379,63.5,1313.0,6799.0,62.8,743.8,5.2,4.9,310900.0
2016-11-01,5.4,184.234,3.77,107.0915,234.9,1230.0,5.378513908542313,325562.0,4877.839215260386,59.7,16107.6,1042.0,19089.379,63.5,1140.0,6823.0,62.7,744.0,5.2,4.7,310900.0
2016-12-01,5.0,184.406,4.198,103.4522,233.9,1248.0,5.378513908542313,325742.0,4203.380284676055,59.7,16182.5,1057.0,19089.379,63.5,1252.0,6818.0,62.7,741.9,5.4,4.7,310900.0
2017-01-01,5.3,184.657,4.15,103.6667,238.9,1296.0,5.38632824387075,325901.0,4110.519209211186,59.9,16293.3,1063.0,19280.084,63.6,1190.0,6840.0,62.8,744.3,5.4,4.7,313100.0
2017-02-01,5.6,185.023,4.1675,109.3678,239.4,1237.0,5.38632824387075,326050.0,4423.053600431567,60.0,16363.5,1070.0,19280.084,63.6,1271.0,6881.0,62.9,747.6,5.3,4.6,313100.0
2017-03-01,5.6,186.532,4.196,104.1273,239.3,1273.0,5.38541207339897,326207.0,4418.358844466205,60.2,16415.1,1071.0,19280.084,63.6,1190.0,6902.0,62.9,746.5,5.0,4.4,313100.0
2017-04-01,5.7,188.546,4.045,99.4783,245.3,1239.0,5.394536224288579,326371.0,4054.982682169182,60.2,16476.0,1075.0,19438.643,63.9,1146.0,6916.0,63.0,745.1,5.4,4.4,318200.0
2017-05-01,6.3,190.543,4.01,98.5261,245.5,1205.0,5.394536224288579,326548.0,4526.5640616309365,60.1,16573.2,1071.0,19438.643,63.9,1157.0,6931.0,62.8,747.2,5.1,4.4,318200.0
2017-06-01,6.0,192.271,3.904,98.5578,245.4,1353.0,5.394536224288579,326743.0,4839.637215971159,60.1,16604.0,1073.0,19438.643,63.9,1249.0,6962.0,62.8,747.5,5.3,4.3,318200.0
2017-07-01,6.0,193.516,3.9675,96.7684,245.6,1254.0,5.394536224288579,326939.0,4540.712402811671,60.2,16665.9,1075.0,19692.595,63.9,1206.0,6968.0,62.9,753.2,5.8,4.3,320500.0
2017-08-01,6.1,194.351,3.88,96.8806,245.6,1336.0,5.428028973069694,327140.0,4231.311119672468,60.1,16733.7,1083.0,19692.595,63.9,1159.0,7002.0,62.9,752.7,6.1,4.4,320500.0
2017-09-01,5.9,194.822,3.805,96.879,244.7,1277.0,5.517452896464707,327342.0,4259.27516968683,60.4,16841.9,1093.0,19692.595,63.9,1181.0,7013.0,63.1,752.2,5.3,4.3,320500.0
2017-10-01,6.0,195.08900000000003,3.895,98.9506,243.8,1360.0,5.517452896464707,327528.0,4649.445546837622,60.1,16930.8,1101.0,20037.088,64.0,1257.0,7031.0,62.7,759.7,5.5,4.2,337900.0
2017-11-01,5.6,195.457,3.922,101.8784,243.4,1295.0,5.517452896464707,327699.0,4583.204985641023,60.1,16997.5,1107.0,20037.088,64.0,1273.0,7068.0,62.7,763.3,4.8,4.2,337900.0
2017-12-01,5.0,195.852,3.95,102.0626,243.3,1312.0,5.517452896464707,327848.0,4668.402760911438,60.1,17058.2,1100.0,20037.088,64.0,1177.0,7091.0,62.7,772.5,5.6,4.1,337900.0
2018-01-01,5.7,196.11900000000003,4.0325,100.0281,246.8,1311.0,5.446306244261486,327969.0,4706.3587395266595,60.1,17141.7,1105.0,20328.553,64.2,1299.0,7093.0,62.7,776.7,6.0,4.0,331800.0
2018-02-01,5.8,196.908,4.33,101.3911,246.6,1331.0,5.446306244261486,328085.0,5088.906770777861,60.4,17204.1,1109.0,20328.553,64.2,1277.0,7184.0,63.0,785.2,5.7,4.1,331800.0
2018-03-01,5.9,198.576,4.444,100.3022,246.5,1381.0,5.486869473092628,328219.0,4578.480073192751,60.4,17268.2,1121.0,20328.553,64.2,1318.0,7194.0,62.9,787.9,5.2,4.0,331800.0
2018-04-01,6.0,200.61900000000003,4.4675,102.4601,248.1,1365.0,5.495937960631161,328364.0,4782.435899971304,60.4,17328.7,1124.0,20580.912,64.5,1276.0,7212.0,62.9,792.9,5.6,4.0,315600.0
2018-05-01,6.0,202.457,4.586,105.2745,249.2,1331.0,5.5053315359323625,328521.0,4963.990424329201,60.5,17404.4,1131.0,20580.912,64.5,1357.0,7274.0,62.9,798.1,5.5,3.8,315600.0
2018-06-01,6.3,204.047,4.57,103.0784,251.0,1338.0,5.5053315359323625,328692.0,4725.357432420778,60.5,17488.4,1126.0,20580.912,64.5,1192.0,7292.0,63.0,802.2,5.8,4.0,315600.0
2018-07-01,6.5,204.954,4.5275,103.6884,250.3,1333.0,5.50573795739701,328863.0,4432.4458022651215,60.6,17587.6,1127.0,20798.73,64.4,1208.0,7318.0,63.0,803.0,6.0,3.8,330900.0
2018-08-01,6.6,205.332,4.55,103.0046,249.6,1293.0,5.527840524826286,329040.0,4963.990424329201,60.3,17664.0,1129.0,20798.73,64.4,1288.0,7347.0,62.6,802.1,6.5,3.8,330900.0
2018-09-01,6.8,205.378,4.6275,100.7646,249.7,1320.0,5.527840524826286,329216.0,4606.842686152831,60.4,17693.5,1135.0,20798.73,64.4,1250.0,7375.0,62.8,803.8,6.6,3.7,330900.0
2018-10-01,6.7,205.373,4.83,100.0901,250.3,1280.0,5.527840524826286,329379.0,4301.28321760076,60.5,17749.8,1141.0,20917.867,64.6,1221.0,7389.0,62.9,803.4,7.2,3.8,322800.0
2018-11-01,6.5,205.111,4.866,95.3075,249.9,1334.0,5.527840524826286,329527.0,4343.36521931305,60.6,17795.7,1144.0,20917.867,64.6,1181.0,7386.0,62.9,808.8,6.4,3.8,322800.0
2018-12-01,8.4,204.703,4.6375,96.3338,249.9,1320.0,5.521460917862246,329659.0,3981.1465678485665,60.6,18012.4,1148.0,20917.867,64.6,1095.0,7396.0,63.0,812.7,7.6,3.9,322800.0
2019-01-01,8.2,204.209,4.464,102.6488,252.7,1254.0,5.52823790214127,329766.0,4944.822280694018,60.6,18053.9,1152.0,21104.133,64.2,1232.0,7424.0,63.1,816.2,7.0,4.0,313000.0
2019-02-01,8.5,204.439,4.37,98.9187,252.1,1302.0,5.527442989539794,329862.0,5311.264970222552,60.7,18151.4,1140.0,21104.133,64.2,1128.0,7396.0,63.1,813.7,6.4,3.8,313000.0
2019-03-01,7.9,205.786,4.265,97.4072,251.2,1291.0,5.534969267887039,329977.0,5151.573331208255,60.6,18229.5,1125.0,21104.133,64.2,1195.0,7422.0,63.0,816.9,5.7,3.8,313000.0
2019-04-01,7.7,207.698,4.1425,98.5315,255.6,1298.0,5.538514672428074,330103.0,5287.0130083164295,60.6,18262.1,1123.0,21384.775,64.3,1267.0,7459.0,62.9,811.0,5.8,3.6,322500.0
2019-05-01,7.3,209.361,4.072,98.1995,258.1,1338.0,5.551019720103791,330240.0,4791.960946844373,60.6,18277.0,1132.0,21384.775,64.3,1307.0,7486.0,62.9,812.2,6.7,3.7,322500.0
2019-06-01,7.1,210.598,3.8025,98.042,257.7,1301.0,5.541655625147766,330393.0,4521.849714436775,60.7,18310.5,1142.0,21384.775,64.3,1228.0,7511.0,63.0,815.6,5.2,3.6,322500.0
2019-07-01,6.8,211.349,3.765,102.4513,255.5,1347.0,5.538907831465967,330553.0,4758.638221656155,60.8,18328.6,1146.0,21694.282,64.7,1245.0,7525.0,63.1,817.5,5.9,3.7,318400.0
2019-08-01,7.0,211.708,3.616,103.3392,255.4,1528.0,5.533784667551078,330729.0,5117.81264730463,60.8,18423.6,1149.0,21694.282,64.7,1367.0,7530.0,63.1,824.7,5.4,3.7,318400.0
2019-09-01,7.2,211.886,3.605,106.1046,255.5,1491.0,5.538907831465967,330904.0,4432.4458022651215,61.0,18474.4,1161.0,21694.282,64.7,1300.0,7551.0,63.2,825.8,5.4,3.5,318400.0
2019-10-01,7.3,211.979,3.688,102.4713,255.4,1538.0,5.529825834193874,331066.0,5117.81264730463,61.0,18549.5,1160.0,21902.39,65.0,1332.0,7556.0,63.3,828.6,5.3,3.6,327100.0
2019-11-01,7.1,212.117,3.695,97.2591,255.1,1522.0,5.5329941536759195,331213.0,4877.839215260386,61.0,18630.7,1165.0,21902.39,65.0,1346.0,7545.0,63.3,830.7,5.4,3.6,327100.0
2019-12-01,6.4,212.248,3.72,100.0059,255.0,1461.0,5.536152466605236,331345.0,5195.038471016065,61.0,18583.8,1177.0,21902.39,65.0,1551.0,7528.0,63.3,828.2,5.6,3.6,327100.0
2020-01-01,7.2,212.409,3.624,107.993,254.2,1500.0,5.536940488710632,331443.0,5156.39954381567,61.1,18821.5,1195.0,21706.513,65.3,1572.0,7580.0,63.3,828.4,5.7,3.5,329000.0
2020-02-01,7.7,213.229,3.465,105.8406,253.9,1440.0,5.540086381985411,331525.0,5007.167428243162,61.1,18925.6,1213.0,21706.513,65.3,1565.0,7608.0,63.3,837.2,5.6,3.5,329000.0
2020-03-01,11.275,215.207,3.45,100.6725,253.9,1348.0,5.553734478412542,331634.0,4892.17887898714,59.8,18577.4,1215.0,21706.513,65.3,1267.0,7539.0,62.6,833.5,6.5,4.4,329000.0
2020-04-01,11.275,217.254,3.306,95.8725,257.2,1050.0,5.555282466337757,331684.0,4701.611219674798,55.025000000000006,20750.9,1193.0,19913.143,68.0,925.0,6527.0,60.1,708.4,6.9,9.6,322600.0
2020-05-01,11.275,218.504,3.2325,99.8972,256.2,1253.0,5.577084821610244,331685.0,4531.279292483694,55.025000000000006,19877.2,1180.0,19913.143,68.0,1054.0,7009.0,60.8,773.6,5.4,9.6,322600.0
2020-06-01,11.275,219.83,3.1625,104.5993,258.4,1329.0,5.577084821610244,331728.0,4877.839215260386,55.025000000000006,19920.9,1183.0,19913.143,68.0,1266.0,7170.0,61.5,793.6,3.8,9.6,322600.0
2020-07-01,11.275,221.585,3.016,105.4513,259.7,1526.0,5.5698700570699335,331795.0,5214.377368523131,55.2,20191.5,1201.0,21647.64,67.3,1529.0,7195.0,61.5,803.1,3.4,9.6,337500.0
2020-08-01,11.275,224.064,2.935,103.4103,259.6,1564.0,5.5698700570699335,331870.0,4849.182646615835,56.5,19594.2,1213.0,21647.64,67.3,1377.0,7225.0,61.7,810.0,3.3,8.4,337500.0
2020-09-01,11.275,226.817,2.89,101.6846,259.8,1643.0,5.577084821610244,331950.0,5859.630518921878,56.6,19744.9,1218.0,21647.64,67.3,1463.0,7256.0,61.4,818.9,3.4,7.9,337500.0
2020-10-01,11.275,229.83,2.834,102.824,259.7,1622.0,5.577084821610244,332025.0,5486.464303493871,57.4,19758.5,1228.0,22024.502,65.7,1537.0,7310.0,61.7,827.2,3.3,6.9,358700.0
2020-11-01,11.275,232.337,2.765,104.775,259.5,1713.0,5.577084821610244,332063.0,4858.731459547127,57.4,19610.4,1248.0,22024.502,65.7,1545.0,7317.0,61.5,828.0,4.0,6.7,358700.0
2020-12-01,11.275,234.39,2.684,105.794,259.6,1760.0,5.577084821610244,332047.0,5564.656959786289,57.4,19775.2,1262.0,22024.502,65.7,1663.0,7355.0,61.5,837.6,4.1,6.7,358700.0
2021-01-01,11.275,236.468,2.735,107.7894,260.7,1866.0,5.577841251298354,331992.0,5359.828665427737,57.5,21760.9,1282.0,22600.185,65.6,1602.0,7363.0,61.3,842.5,4.0,6.3,369800.0
2021-02-01,11.275,239.252,2.81,94.1235,261.3,1700.0,5.581238121898107,331968.0,5253.093877618271,57.6,20254.0,1286.0,22600.185,65.6,1422.0,7291.0,61.4,846.2,4.9,6.2,369800.0
2021-03-01,11.275,244.249,3.0825,99.3792,261.2,1731.0,5.580861261143694,332007.0,5923.899972816843,57.8,24471.8,1308.0,22600.185,65.6,1700.0,7395.0,61.5,858.0,4.4,6.1,369800.0
2021-04-01,11.275,249.856,3.06,102.5381,268.0,1714.0,5.586124431187969,332073.0,5820.142954766242,57.9,21304.2,1320.0,23292.362,65.5,1484.0,7406.0,61.6,854.3,4.7,6.1,382600.0
2021-05-01,9.9,255.481,2.9625,99.2814,268.2,1680.0,5.598421958998375,332144.0,5325.825723813701,58.0,20899.7,1338.0,23292.362,65.5,1600.0,7394.0,61.5,855.8,5.6,5.8,382600.0
2021-06-01,8.7,261.206,2.975,96.703,268.4,1644.0,5.598421958998375,332231.0,5137.0995761187605,58.0,20934.3,1372.0,23292.362,65.5,1661.0,7400.0,61.7,857.8,5.8,5.9,382600.0
2021-07-01,9.4,265.545,2.868,95.8351,269.453,1618.0,5.608797575275796,332358.0,5442.568718021577,58.4,21156.5,1387.0,23828.973,65.4,1593.0,7415.0,61.8,867.2,5.7,5.4,411200.0
2021-08-01,8.7,268.821,2.8425,95.9847,271.193,1837.0,5.608797575275796,332489.0,5204.7063034909825,58.6,21207.3,1412.0,23828.973,65.4,1576.0,7431.0,61.7,873.6,6.5,5.2,411200.0
2021-09-01,7.2,271.474,2.9,96.9222,271.694,1636.0,5.608797575275796,332594.0,4820.5565186243075,58.8,21051.2,1437.0,23828.973,65.4,1560.0,7472.0,61.7,879.9,6.0,4.8,411200.0
2021-10-01,6.6,273.682,3.0675,97.2735,271.977,1727.0,5.608797575275796,332692.0,4949.613065292241,59.0,21201.4,1464.0,24654.603,65.5,1572.0,7514.0,61.8,882.8,6.8,4.5,423600.0
2021-11-01,6.2,276.04900000000004,3.0675,101.2447,270.722,1775.0,5.633628214732994,332790.0,5579.340204042529,59.4,21297.7,1493.0,24654.603,65.5,1712.0,7560.0,61.9,889.2,6.0,4.2,423600.0
2021-12-01,6.1,278.63,3.098,105.87,271.163,1948.0,5.633628214732994,332876.0,5325.825723813701,59.5,21352.9,1526.0,24654.603,65.5,1787.0,7594.0,62.0,896.4,5.6,3.9,423600.0
2022-01-01,4.1,282.015,3.445,102.9497,280.267,1898.0,5.6854351878381415,332918.0,4935.243217221675,59.7,21294.8,1553.0,25029.116,65.4,1669.0,7590.0,62.2,902.9,5.8,4.0,433100.0
2022-02-01,4.1,287.258,3.7625,101.875,281.955,1817.0,5.711426517707953,332959.0,5491.345503357915,59.8,21426.2,1581.0,25029.116,65.4,1771.0,7669.0,62.2,910.6,6.2,3.8,433100.0
2022-03-01,3.4,295.081,4.172,101.5162,281.915,1877.0,5.711426517707953,333056.0,5418.209748176989,60.1,21510.5,1631.0,25029.116,65.4,1713.0,7692.0,62.4,913.6,7.0,3.6,433100.0
2022-04-01,3.1,301.728,4.9825,97.823,287.439,1795.0,5.722450471574612,333184.0,5442.568718021577,59.9,21581.3,1667.5,25544.273,65.9,1803.0,7698.0,62.2,918.3,8.5,3.6,449300.0
2022-05-01,3.1,306.506,5.23,98.8438,287.567,1708.0,5.722450471574612,333317.0,5859.630518921878,60.0,21657.1,1667.5,25544.273,65.9,1543.0,7736.0,62.3,925.1,8.3,3.6,449300.0
2022-06-01,2.7,308.301,5.522,100.5367,288.522,1701.0,5.738872874926819,333460.0,5594.030405118216,59.9,21740.7,1667.5,25544.273,65.9,1561.0,7749.0,62.2,921.4,9.5,3.6,449300.0
2022-07-01,3.5,307.136,5.4125,99.3388,296.731,1658.0,5.738872874926819,333624.0,5613.628141394439,59.9,21910.5,1667.5,25994.639,66.0,1371.0,7773.0,62.1,924.1,10.1,3.5,468000.0
2022-08-01,3.2,303.686,5.2225,97.9552,299.595,1586.0,5.738872874926819,333799.0,5413.340315237466,60.1,22024.3,1667.5,25994.639,66.0,1505.0,7781.0,62.3,924.5,8.7,3.7,468000.0
2022-09-01,3.0,300.503,6.112,98.9721,301.55,1588.0,5.7426569740382565,333976.0,5820.142954766242,60.1,22121.5,1667.5,25994.639,66.0,1463.0,7797.0,62.3,924.6,9.7,3.5,468000.0
2022-10-01,3.0,298.72700000000003,6.9,99.6175,306.085,1555.0,5.7426569740382565,334141.0,5379.2763759746,60.0,22242.2,1667.5,26408.405,65.9,1432.0,7814.0,62.2,929.5,9.7,3.7,479500.0
2022-11-01,3.3,296.923,6.805,92.0686,307.269,1402.0,5.7426569740382565,334287.0,6342.17279302467,59.9,22267.7,1667.5,26408.405,65.9,1427.0,7833.0,62.2,929.0,9.4,3.6,479500.0
2022-12-01,3.4,294.415,6.364,92.3086,307.445,1409.0,5.7426569740382565,334420.0,5584.236165333037,60.1,22312.3,1667.5,26408.405,65.9,1357.0,7859.0,62.3,934.3,8.5,3.5,479500.0
2023-01-01,4.4,292.849,6.2725,95.9918,322.376,1354.0,5.806197657075406,334533.0,5520.649085580948,60.2,22525.3,1667.5,26813.601,66.0,1340.0,7885.0,62.4,935.8,8.1,3.4,429000.0
2023-02-01,4.7,293.468,6.2575,98.5209,326.256,1482.0,5.806197657075406,334637.0,6512.914618527864,60.2,22648.4,1667.5,26813.601,66.0,1436.0,7899.0,62.5,931.7,8.4,3.6,429000.0
2023-03-01,5.2,297.316,6.544,93.3392,326.838,1437.0,5.811221828032813,334753.0,6267.106392654788,60.4,22757.9,1667.5,26813.601,66.0,1380.0,7890.0,62.6,931.6,8.1,3.5,429000.0
2023-04-01,5.2,301.469,6.3425,92.2793,327.097,1417.0,5.821432168089572,334880.0,5711.801064923978,60.4,22815.8,1667.5,27063.012,65.9,1348.0,7901.0,62.6,928.1,7.6,3.4,418500.0
2023-05-01,5.3,305.427,6.425,97.6334,329.026,1496.0,5.821432168089572,335013.0,6297.113647506963,60.3,22893.1,1667.5,27063.012,65.9,1583.0,7926.0,62.6,927.8,7.2,3.7,418500.0
2023-06-01,4.9,308.307,6.714,97.0416,328.71,1441.0,5.821432168089572,335163.0,6087.608140561548,60.3,22941.5,1667.5,27063.012,65.9,1418.0,7955.0,62.6,929.5,7.5,3.6,418500.0
2023-07-01,4.1,310.16200000000003,6.84,94.5577,331.181,1443.0,5.821432168089572,335329.0,5311.264970222552,60.4,22994.3,1667.5,27623.543,66.0,1451.0,7967.0,62.6,922.6,7.0,3.5,431000.0